{
    "mse": 115.25394828558882,
    "mae": 6.69191606162269,
    "maes": {
        "Alfredo Sauce": 2.694113231685064,
        "Anchovies": 4.073997030519459,
        "Artichoke": 12.581385991344714,
        "Arugula": 3.004440882434584,
        "Asiago Cheese": 6.585122787789123,
        "Bacon": 4.853317678791203,
        "Barbecue Sauce": 5.6797985965258455,
        "Barbecued Chicken": 5.6175645083597265,
        "Beef Chuck Roast": 5.096678191668366,
        "Blue Cheese": 4.667218502253702,
        "Brie Carre Cheese": 1.1586005679548603,
        "Calabrese Salami": 4.35563940544651,
        "Capocollo": 10.894584551249466,
        "Caramelized Onions": 1.15369080925641,
        "Chicken": 11.648206580175112,
        "Chipotle Sauce": 8.110696296169333,
        "Chorizo Sausage": 1.9677698775513532,
        "Cilantro": 8.408450975810013,
        "Coarse Sicilian Salami": 4.336362832213101,
        "Corn": 8.382088386849182,
        "Eggplant": 2.6605780092004228,
        "Feta Cheese": 8.347235326897609,
        "Fontina Cheese": 7.069434152890558,
        "Friggitello Peppers": 2.6824900810032677,
        "Garlic": 26.79070553714282,
        "Genoa Salami": 3.9259542112481105,
        "Goat Cheese": 6.311553328004602,
        "Gorgonzola Piccante Cheese": 6.181833267211914,
        "Gouda Cheese": 6.165056783859044,
        "Green Olives": 7.826912579471117,
        "Green Peppers": 7.404575504668771,
        "Italian Sausage": 2.0879265739493174,
        "Jalapeno Peppers": 10.769050781040976,
        "Kalamata Olives": 8.767976068470576,
        "Luganega Sausage": 4.551366792966242,
        "Mozzarella Cheese": 12.362764802697587,
        "Mushrooms": 10.333241763180249,
        "Nduja Salami": 2.6526970961322522,
        "Onions": 4.545250794658922,
        "Oregano": 4.221786975860596,
        "Pancetta": 2.789889146203864,
        "Parmigiano Reggiano Cheese": 5.8774720805965055,
        "Pears": 1.1607577376169702,
        "Peperoncini verdi": 4.991230631527835,
        "Pepperoni": 10.648706357773037,
        "Pesto Sauce": 5.105875995061169,
        "Pineapple": 8.669357247548561,
        "Plum Tomatoes": 3.6972540208738143,
        "Prosciutto": 1.174922567116071,
        "Prosciutto di San Daniele": 2.9960116196985114,
        "Provolone Cheese": 4.708011169956155,
        "Red Onions": 20.098721961452537,
        "Red Peppers": 17.122758421179366,
        "Ricotta Cheese": 6.160805140456108,
        "Romano Cheese": 4.564487757748121,
        "Sliced Ham": 5.703167732447794,
        "Smoked Gouda Cheese": 4.729717790263972,
        "Soppressata Salami": 3.3185158886321604,
        "Spinach": 14.122756539958797,
        "Sun-dried Tomatoes": 4.9101729654286,
        "Thai Sweet Chilli Sauce": 5.9034952790769815,
        "Thyme": 1.1889430945866728,
        "Tomatoes": 22.693152545249625,
        "Zucchini": 5.018326138796872
    },
    "previous_days": 2,
    "previous_weeks": 4
}